<?xml version="1.0" encoding="utf-8"?>
<prefix name="skeleton" label="Skeleton" language_tag="en" language_label="English"><key name="access_level_adding_authorization_action"><value>Adding authorization action on installation of the plugin in &lt;i&gt;/install.php&lt;/i&gt;</value></key><key name="access_level_page_heading"><value>Access Level</value></key><key name="access_level_page_title"><value>Access Level</value></key><key name="actions"><value>Actions</value></key><key name="add"><value>Add</value></key><key name="body"><value>Body</value></key><key name="checking_if_user_is_authorized"><value>Checking if user is authorized to perform some action of the plugin</value></key><key name="checking_if_user_is_a_moderator"><value>Checking if user is a moderator of the plugin</value></key><key name="create"><value>Create</value></key><key name="created_pages"><value>Created Pages</value></key><key name="created_text_keys"><value>Сreated language keys</value></key><key name="created_widgets"><value>Added Widgets</value></key><key name="cron_job_of_some_action"><value>Cron job of some action should be added in &lt;i&gt;/cron.php&lt;/i&gt;</value></key><key name="cron_page_heading"><value>Cron jobs</value></key><key name="cron_page_title"><value>Cron jobs</value></key><key name="database_page_heading"><value>Database</value></key><key name="database_page_title"><value>Database</value></key><key name="database_records"><value>Database records</value></key><key name="database_record_deleted"><value>Record has been deleted</value></key><key name="deliver"><value>Deliver</value></key><key name="describe_your_image"><value>describe your image</value></key><key name="description"><value>Description</value></key><key name="description_access_level"><value>Permissions provide examples of how to register new user actions, and later perform permissions checks for these actions in code.</value></key><key name="description_cron"><value>The example shows how to add new cron jobs for execution.</value></key><key name="description_database"><value>Database shows basic development methods required for work with databases within the code.</value></key><key name="description_dev_tools"><value>Activating Developer Tools constants allows disabling the caching of templates, displaying errors on screen, and monitoring the performance of individual pages.&#13;
&lt;br /&gt;&#13;
&lt;br /&gt;&#13;
The constants can be activated in &lt;b&gt;oxwall-root-folder/ow_includes/config.php&lt;/b&gt; file.</value></key><key name="description_file_storage"><value>File Storage shows how to save files uploaded by the user through forms, and how to later display said files to the user.</value></key><key name="description_file_structure"><value>The list of plugin folders and files.</value></key><key name="description_floatbox"><value>Floatbox shows the implementation of floatboxes on the site, including the way floatboxes with content are displayed, as well as their dynamic changes via ajax.</value></key><key name="description_forms"><value>Forms shows how to create new forms, add form fields, and later work with said fields, including text, multiple choice, file upload, etc.</value></key><key name="description_index"><value>Skeleton. A plugin containing examples of implementation of Oxwall's various basic functions, as well as documents specifying the structure of plugins' files and folders. Each example includes files showing specific code implementation.</value></key><key name="description_install"><value>Usually, a plugin’s proper operation requires the database to contain its tables, configurations, languages, authorization rules, etc., all of which is added during the plugin installation and activation, and removed during the deactivation/removal.&#13;
&#13;
&lt;br /&gt;&lt;br /&gt; Note that:&lt;br /&gt;&#13;
&lt;ul class="ow_regular"&gt;&#13;
&lt;li&gt;Plugin installation/removal is usually a one-time process, rarely accessed by the user.&lt;/li&gt;&#13;
&lt;li&gt;Plugin activation/deactivation is a more frequent process and should not lead to the plugin’s loss of data.&#13;
&lt;/li&gt;&#13;
&lt;/ul&gt;&#13;
Following are the examples and files that must contain said actions.</value></key><key name="description_localization"><value>Localization shows how to create new language keys with values within the code.</value></key><key name="description_mail_sending"><value>Mail Sending shows the implementation of mail sending on the site. Generally, it is best to send important messages (for instance email confirmation) immediately, while less important messages are usually queued for later. In this case such messages will be sent out gradually, depending on cron execution.</value></key><key name="description_newsfeed"><value>Newsfeed example shows how to add a new entry in the newsfeed. Each such entry should specify html content and newsfeed page that will display said entry.</value></key><key name="description_notifications"><value>Notification example shows how to add new notifications appearing in the user console. All notifications consist of html text, and may include images of the related entity.</value></key><key name="description_ping"><value>description_ping</value></key><key name="description_pluginxml"><value>This file inside the &lt;b&gt;root folder of every plugin&lt;/b&gt; contains all the necessary service information about the plugin.</value></key><key name="description_profile_questions"><value>Profile Questions show the implementation of profile questions on the site, including data display and save functions.&#13;
&lt;br /&gt;&#13;
Data of this example was taken from your currently logged in profile.</value></key><key name="description_routing"><value>Here are you can learn how to operate with routing: create your own pages, controllers and views.</value></key><key name="description_widgets"><value>Widgets show how to add new widgets to User Profile, User Dashboard, and Index Page.</value></key><key name="devtools_desc_debug_mode"><value>Debug Mode enables the display of errors on the site.</value></key><key name="devtools_desc_dev_mode"><value>Dev Mode enables cache regeneration for templates during every page refresh. Any changes introduced within templates files, CSS, and JS, will appear immediately on the go.</value></key><key name="devtools_desc_link_langs"><value>There is a special page to create and remove language keys in Admin Panel.</value></key><key name="devtools_desc_profiler"><value>Profiler enables the display of performance stats for every page, including the number of mysql requests, page loading time, called events, etc.</value></key><key name="devtools_link_langs"><value>Languages</value></key><key name="devtools_page_heading"><value>Developer Tools</value></key><key name="devtools_page_title"><value>Developer Tools</value></key><key name="email_notifications_setting_example"><value>Send notification example by email</value></key><key name="email_will_be_sent_when_cron_runs"><value>Email will be sent when Cron runs</value></key><key name="enter_original_value"><value>Enter original value</value></key><key name="enter_text_key"><value>Enter text key</value></key><key name="errors_image_invalid"><value>Unacceptable file extension</value></key><key name="example_file"><value>Example file(s):</value></key><key name="file_extension_not_allowed"><value>File extension not allowed</value></key><key name="file_storage_page_heading"><value>File storage</value></key><key name="file_storage_page_title"><value>File storage</value></key><key name="file_structure_activate"><value>Called on plugin activation and installation.</value></key><key name="file_structure_bol"><value>Contains files with business logic of the plugin.</value></key><key name="file_structure_classes"><value>Contains accessory classes used by the business logic.</value></key><key name="file_structure_components"><value>Contains files of components and widgets.</value></key><key name="file_structure_controllers"><value>Contains controllers files.</value></key><key name="file_structure_cron"><value>Responsible for cron jobs operation.</value></key><key name="file_structure_deactivate"><value>Called on plugin deactivation or removal.</value></key><key name="file_structure_init"><value>Called during the initialization of all plugins to collect event subscribers, as well as to add plugin routes, etc.</value></key><key name="file_structure_install"><value>Called during plugin installation to create database tables, add configurations, preferences, authorization actions, etc.</value></key><key name="file_structure_page_heading"><value>File structure</value></key><key name="file_structure_page_title"><value>File structure</value></key><key name="file_structure_pluginxml"><value>Contains all the necessary service information about the plugin.</value></key><key name="file_structure_static"><value>file_structure_static</value></key><key name="file_structure_static_css"><value>CSS files.</value></key><key name="file_structure_static_js"><value>Javascript files.</value></key><key name="file_structure_uninstall"><value>Called during plugin removal.</value></key><key name="file_structure_views_components"><value>Contains files for component’s templates.</value></key><key name="file_structure_views_controllers"><value>Contains files for controllers’ templates.</value></key><key name="floatbox_close"><value>Close floatbox</value></key><key name="floatbox_content_desc"><value>This is floatbox content</value></key><key name="floatbox_page_heading"><value>Floatbox</value></key><key name="floatbox_page_title"><value>Floatbox</value></key><key name="floatbox_reload_me"><value>Reload me</value></key><key name="floatbox_title"><value>Floatbox Title</value></key><key name="forms_file_field_label"><value>Upload files</value></key><key name="forms_multichoice_field_label"><value>Multiple Choice</value></key><key name="forms_page_heading"><value>Forms</value></key><key name="forms_page_title"><value>Forms</value></key><key name="forms_selectbox_field_description"><value>selectbox field description</value></key><key name="forms_selectbox_field_label"><value>Single Choice(dropdown)</value></key><key name="forms_textarea_field_description"><value>textarea field description</value></key><key name="forms_textarea_field_invitation"><value>Extended text value</value></key><key name="forms_textarea_field_label"><value>Extended text</value></key><key name="forms_text_field_description"><value>additional field's description</value></key><key name="forms_text_field_label"><value>Text</value></key><key name="forms_url_field_description"><value>http://www.example.com</value></key><key name="forms_url_field_label"><value>URL</value></key><key name="form_output_data"><value>Form output data</value></key><key name="from"><value>From</value></key><key name="index_page_heading"><value>Skeleton</value></key><key name="index_page_title"><value>Skeleton</value></key><key name="install_adding_authorization"><value>Add authorization groups and authorization actions:</value></key><key name="install_adding_config"><value>Add plugin's configs:</value></key><key name="install_adding_menu_item"><value>Add menu item:</value></key><key name="install_adding_preference"><value>Add user preferences required for plugin:</value></key><key name="install_adding_setting_route"><value>Add route to plugin's settings page into Admin Panel:</value></key><key name="install_adding_widgets"><value>Add widgets to site index, user dashboard and profile view pages:</value></key><key name="install_creating_tables"><value>Create tables in database, required for plugin execution:</value></key><key name="install_deleting_menu_item"><value>Remove menu item:</value></key><key name="install_deleting_widgets"><value>Remove widgets, previously added on activate.php:</value></key><key name="install_lang_import"><value>Import plugin's language package:</value></key><key name="install_page_heading"><value>Plugin installation/activation</value></key><key name="install_page_title"><value>Plugin installation/activation - skeleton</value></key><key name="install_uninstalling"><value>Some of the plugin data is removed automatically during the removal of the plugin. As such, it is not necessary to specify this data in the &lt;i&gt;/uninstall.php&lt;/i&gt; script.&lt;br /&gt;&#13;
Such data includes:&lt;ul class="ow_regular"&gt;&#13;
&lt;li&gt;remove plugin's table in database&#13;
&lt;li&gt;remove plugin's configs&#13;
&lt;li&gt;remove plugin's language package&#13;
&lt;li&gt;remove plugin's authorization groups/actions&#13;
&lt;li&gt;remove plugin's static data and user files assigned with plugin&#13;
&lt;/ul&gt;&#13;
The rest of the data should be removed manually, for example:</value></key><key name="item_content"><value>Newsfeed Item Content</value></key><key name="latest_users_widget"><value>Latest Users Widget</value></key><key name="localization_page_heading"><value>Localization</value></key><key name="localization_page_title"><value>Localization</value></key><key name="mail_sending_page_heading"><value>Mail sending</value></key><key name="mail_sending_page_title"><value>Mail sending</value></key><key name="main_menu_item"><value>Skeleton</value></key><key name="menu_item_access_level"><value>Access Level</value></key><key name="menu_item_cron"><value>Cron jobs</value></key><key name="menu_item_database"><value>Database</value></key><key name="menu_item_devtools"><value>Developer Tools</value></key><key name="menu_item_file_storage"><value>File storage</value></key><key name="menu_item_file_structure"><value>File structure</value></key><key name="menu_item_floatbox"><value>Floatbox</value></key><key name="menu_item_forms"><value>Forms</value></key><key name="menu_item_install"><value>Plugin installation/activation</value></key><key name="menu_item_localization"><value>Localization</value></key><key name="menu_item_mail_sending"><value>Mail sending</value></key><key name="menu_item_newsfeed"><value>Newsfeed</value></key><key name="menu_item_notifications"><value>Notifications</value></key><key name="menu_item_ping"><value>Ping</value></key><key name="menu_item_pluginxml"><value>plugin.xml</value></key><key name="menu_item_profile_questions"><value>Profile Questions</value></key><key name="menu_item_routing"><value>Routing</value></key><key name="menu_item_widgets"><value>Widgets</value></key><key name="msg_dublicate_menu_item"><value>Page with such name already exists</value></key><key name="msg_key_added"><value>Language key has been created</value></key><key name="msg_key_deleted"><value>Language key has been deleted</value></key><key name="newsfeed_page_heading"><value>Newsfeed</value></key><key name="newsfeed_page_title"><value>Newsfeed</value></key><key name="notifications_page_heading"><value>Notifications</value></key><key name="notifications_page_title"><value>Notifications</value></key><key name="notification_attach_image"><value>Attach image</value></key><key name="notification_content"><value>Notification Content</value></key><key name="notification_content_invitation"><value>My new notification</value></key><key name="notification_has_been_added"><value>Notification has been added. Check site console</value></key><key name="notification_note"><value>NOTE: created real time notification will be delivered by email depending on your profile's email notification settings</value></key><key name="notification_section_label"><value>Notifications Example</value></key><key name="notify_example"><value>Your notification: {$content}</value></key><key name="no_database_entries"><value>No database entries</value></key><key name="original_values"><value>Original Values</value></key><key name="ping_counter"><value>Counter</value></key><key name="ping_page_heading"><value>Ping</value></key><key name="ping_page_title"><value>Ping</value></key><key name="place_on"><value>Place on</value></key><key name="place_widget_in_section"><value>Place widget in section</value></key><key name="place_widget_on_page"><value>Place widget on page</value></key><key name="pluginxml_author"><value>Name of the developer or company who developed plugin</value></key><key name="pluginxml_authoremail"><value>Author email</value></key><key name="pluginxml_authorurl"><value>Author web page with description or demo</value></key><key name="pluginxml_build"><value>Build number of the plugin. Used to get automatic updates from Store</value></key><key name="pluginxml_copyright"><value>Copyrights of the plugin</value></key><key name="pluginxml_desc"><value>Description of the plugin that will be displayed in the Admin panel</value></key><key name="pluginxml_devkey"><value>Developer key that you can get on the Oxwall.org site after sign up</value></key><key name="pluginxml_key"><value>Plugin key. Unique identifier in the code and database. &lt;br /&gt;&#13;
&lt;a href="http://www.oxwall.org/store/dev-tools" target="_blank"&gt;&lt;b&gt;Make sure&lt;/b&gt;&lt;/a&gt; your key is really unique before starting a plugin development.</value></key><key name="pluginxml_license"><value>Today you can choose between "The BSD License" for free plugins and "OSCL" for paid. Read more about licenses &lt;a href="http://www.oxwall.org/policies" target="_blank"&gt;here&lt;/a&gt;</value></key><key name="pluginxml_licenseurl"><value>Url to the license to get more info</value></key><key name="pluginxml_name"><value>Name of the plugin that will be displayed in the Admin panel</value></key><key name="pluginxml_page_heading"><value>plugin.xml</value></key><key name="pluginxml_page_title"><value>plugin.xml</value></key><key name="profile_questions_page_heading"><value>Profile Questions</value></key><key name="profile_questions_page_title"><value>Profile Questions</value></key><key name="remove"><value>remove</value></key><key name="routing_adding_menu_item"><value>To add a link to this page inside the menu, open the file &lt;i&gt;/activate.php&lt;/i&gt;, and insert the following code there:</value></key><key name="routing_adding_menu_item_desc"><value>Where:&#13;
&lt;ul class="ow_regular"&gt;&#13;
&lt;li&gt;&lt;b&gt;OW_Navigation::MAIN&lt;/b&gt; - Menu type: MAIN or BOTTOM;&#13;
&lt;li&gt;&lt;b&gt;routing-example&lt;/b&gt; - the name of the route for the example page;&#13;
&lt;li&gt;&lt;b&gt;skeleton&lt;/b&gt; - menu item’s prefix, which should be named like the the plugin key; &#13;
&lt;li&gt;&lt;b&gt;routing_example_menu_item&lt;/b&gt; - the unique key of the item menu;&#13;
&lt;li&gt;&lt;b&gt;OW_Navigation::VISIBLE_FOR_ALL&lt;/b&gt; - indicates who will be able to view the menu item: VISIBLE_FOR_ALL (everyone), VISIBLE_FOR_GUEST (unauthorised users) or VISIBLE_FOR_MEMBER (authorized users);&#13;
&lt;/ul&gt;&#13;
&#13;
It is also required to add a deactivation code for the menu item. This is done through the file &lt;i&gt;/deactivate.php&lt;/i&gt;, which is launched during the deactivation in order to avoid errors:</value></key><key name="routing_adding_route"><value>Use the file &lt;i&gt;/init.php&lt;/i&gt; to create a plugin page by adding a route and indicating controller’s action and name:</value></key><key name="routing_adding_route_desc"><value>Where:&#13;
&lt;ul class="ow_regular"&gt;&#13;
&lt;li&gt;&lt;b&gt;routing-example&lt;/b&gt; - the route’s unique name used to obtain URL;&#13;
&lt;li&gt;&lt;b&gt;example/:some_param&lt;/b&gt; - URI used to call the controller’s action, where &lt;i&gt;some_param&lt;/i&gt; indicates the variable, which can be passed to action;&#13;
&lt;li&gt;&lt;b&gt;SKELETON_CTRL_Example&lt;/b&gt; - controller class name;&#13;
&lt;li&gt;&lt;b&gt;someaction&lt;/b&gt; - controller class method;&#13;
&lt;/ul&gt;</value></key><key name="routing_adding_view"><value>The file for action’s view should be placed inside the folder &lt;i&gt;/views/controllers&lt;/i&gt;, with the name following the format of “controller_action.html” (for instance &lt;i&gt;example_someaction.html&lt;/i&gt;)</value></key><key name="routing_classname"><value>Create a new file inside the folder &lt;i&gt;/controllers&lt;/i&gt; and name it after desired controller (for instance &lt;i&gt;example.php&lt;/i&gt;)&#13;
&#13;
&lt;br /&gt;&#13;
&#13;
Use this file (&lt;i&gt;example.php&lt;/i&gt;) to describe the controller class in the following format: &lt;b&gt;PLUGINNAME_CTRL_Example&lt;/b&gt;. This is required for the correct operation of the autoloader.</value></key><key name="routing_item_name"><value>Item name</value></key><key name="routing_item_name_invitation"><value>My item</value></key><key name="routing_menu_name"><value>Menu name</value></key><key name="routing_pagecontent"><value>Page Content</value></key><key name="routing_pagecontent_invitation"><value>My page content</value></key><key name="routing_pagemetatags"><value>Page Meta Tags</value></key><key name="routing_pagemetatags_invitation"><value>My meta tags</value></key><key name="routing_pagetitle"><value>Page Title</value></key><key name="routing_pagetitle_invitation"><value>My page title</value></key><key name="routing_page_heading"><value>Routing</value></key><key name="routing_page_title"><value>Routing</value></key><key name="routing_visible_for"><value>Visible for</value></key><key name="save"><value>save</value></key><key name="send"><value>Send</value></key><key name="short_description"><value>Short Description</value></key><key name="show_ajax_floatbox"><value>Show ajax floatbox</value></key><key name="show_floatbox"><value>Show floatbox</value></key><key name="start_ping"><value>Start ping example</value></key><key name="subject"><value>Subject</value></key><key name="submit_entity"><value>Add entry</value></key><key name="submit_image"><value>Submit Image</value></key><key name="test"><value>Test</value></key><key name="text_key_values"><value>Text Key Values</value></key><key name="to"><value>To</value></key><key name="upload_again"><value>Upload again</value></key><key name="upload_image"><value>Upload Image</value></key><key name="widget"><value>Widget</value></key><key name="widgets_page_heading"><value>Widgets</value></key><key name="widgets_page_title"><value>Widgets</value></key><key name="widget_placement"><value>Widget placement</value></key><key name="widget_title"><value>Widget title</value></key><key name="your_message_was_sent_successfully"><value>Your message was sent successfully</value></key></prefix>
